{"cameraMode":{"drawMode":0,"name":"Shaded","section":"Shading Mode"},"sceneLighting":true,"audioPlay":false,"sceneViewState":{"showFog":true,"showMaterialUpdate":false,"showSkybox":true,"showFlares":true,"showImageEffects":true,"showParticleSystems":true},"in2DMode":false,"pivot":{"x":415.34124755859377,"y":255.52923583984376,"z":13.11187744140625},"rotation":{"x":0.3030025064945221,"y":-0.09982463717460633,"z":0.031932283192873,"w":0.947211742401123},"size":497.184326171875,"orthographic":false}