{"cameraMode":{"drawMode":0,"name":"Shaded","section":"Shading Mode"},"sceneLighting":false,"audioPlay":false,"sceneViewState":{"showFog":true,"showMaterialUpdate":false,"showSkybox":false,"showFlares":true,"showImageEffects":true,"showParticleSystems":true},"in2DMode":false,"pivot":{"x":-0.00022339820861816406,"y":0.892648458480835,"z":0.0050928592681884769},"rotation":{"x":0.2388683706521988,"y":0.08290517330169678,"z":-0.020473288372159005,"w":0.9672899842262268},"size":1.2412630319595338,"orthographic":false}